omero_id,omero_name,pbrm1,bap1,path
12108,K021_PR001,1,0,K021_PR001.ome.tiff
12111,K021_PR002,1,0,K021_PR002.ome.tiff
6627,K021_PR003,1,0,K021_PR003.ome.tiff
6630,K021_PR004,1,0,K021_PR004.ome.tiff
12120,K021_PR005,1,0,K021_PR005.ome.tiff
11456,K027_PR002,0,1,K027_PR002.ome.tiff
11459,K027_PR003,0,1,K027_PR003.ome.tiff
11462,K027_PR004,0,1,K027_PR004.ome.tiff
11465,K027_PR005,0,1,K027_PR005.ome.tiff
12990,K039_PR001,1,0,K039_PR001.ome.tiff
12993,K039_PR002,1,0,K039_PR002.ome.tiff
11345,K039_PR003,1,0,K039_PR003.ome.tiff
13002,K039_PR005,1,0,K039_PR005.ome.tiff
13008,K039_PR007,1,0,K039_PR007.ome.tiff
13014,K039_PR009,1,0,K039_PR009.ome.tiff
12173,K059_MR001,1,0,K059_MR001.ome.tiff
12176,K059_PR002,1,0,K059_PR002.ome.tiff
12179,K059_PR003,1,0,K059_PR003.ome.tiff
12182,K059_PR004,1,0,K059_PR004.ome.tiff
12185,K059_PR005,1,0,K059_PR005.ome.tiff
12188,K059_PR006,1,0,K059_PR006.ome.tiff
12194,K059_PR008,1,0,K059_PR008.ome.tiff
12197,K059_PR009,1,0,K059_PR009.ome.tiff
12161,K059_PR010,1,0,K059_PR010.ome.tiff
12164,K059_PR011,1,0,K059_PR011.ome.tiff
12170,K059_PR013,1,0,K059_PR013.ome.tiff
12658,K065_PR001,0,0,K065_PR001.ome.tiff
12661,K065_PR002,0,0,K065_PR002.ome.tiff
12664,K065_PR003,0,0,K065_PR003.ome.tiff
12667,K065_PR004,0,0,K065_PR004.ome.tiff
12670,K065_PR006,0,0,K065_PR006.ome.tiff
12673,K065_PR007,0,0,K065_PR007.ome.tiff
12676,K065_PR008,0,0,K065_PR008.ome.tiff
12679,K065_PR009,0,0,K065_PR009.ome.tiff
97343,K066_MR003,2,0,K066_MR003.ome.tiff
110092,K066_PR001,1,0,K066_PR001.ome.tiff
110095,K066_PR002,1,0,K066_PR002.ome.tiff
110098,K066_PR003,1,0,K066_PR003.ome.tiff
110101,K066_PR004,1,0,K066_PR004.ome.tiff
110110,K066_PR007,1,0,K066_PR007.ome.tiff
6612,K071_PR001,2,0,K071_PR001.ome.tiff
6615,K071_PR003,1,0,K071_PR003.ome.tiff
6618,K071_PR009,1,0,K071_PR009.ome.tiff
6609,K071_PR011,1,0,K071_PR011.ome.tiff
11554,K096_LR001,0,1,K096_LR001.ome.tiff
11578,K096_MR001,0,1,K096_MR001.ome.tiff
11560,K096_MR003,0,1,K096_MR003.ome.tiff
11563,K096_MR004,0,1,K096_MR004.ome.tiff
11566,K096_MR005,0,1,K096_MR005.ome.tiff
11569,K096_MR006,0,1,K096_MR006.ome.tiff
11572,K096_MR007,0,1,K096_MR007.ome.tiff
11575,K096_MR008,0,1,K096_MR008.ome.tiff
11581,K096_MR009,0,1,K096_MR009.ome.tiff
11584,K096_PR003,0,1,K096_PR003.ome.tiff
11587,K096_PR004,0,1,K096_PR004.ome.tiff
11590,K096_PR005,0,1,K096_PR005.ome.tiff
11593,K096_PR006,0,1,K096_PR006.ome.tiff
11596,K096_PR007,0,1,K096_PR007.ome.tiff
11599,K096_PR008,0,1,K096_PR008.ome.tiff
11602,K096_PR009,0,1,K096_PR009.ome.tiff
11548,K096_PR010,0,1,K096_PR010.ome.tiff
11551,K096_PR011,0,1,K096_PR011.ome.tiff
110113,K097_PR001,0,1,K097_PR001.ome.tiff
110116,K097_PR002,0,0,K097_PR002.ome.tiff
110120,K097_PR003,0,1,K097_PR003.ome.tiff
110119,K097_PR003_artefact,0,1,K097_PR003_artefact.ome.tiff
12215,K105_PR001,1,0,K105_PR001.ome.tiff
12218,K105_PR002,1,0,K105_PR002.ome.tiff
12221,K105_PR003,1,0,K105_PR003.ome.tiff
12691,K107_MR001,0,1,K107_MR001.ome.tiff
12694,K107_MR002,0,1,K107_MR002.ome.tiff
12697,K107_MR003,0,1,K107_MR003.ome.tiff
12700,K107_MR004,0,1,K107_MR004.ome.tiff
12703,K107_MR005,0,1,K107_MR005.ome.tiff
12706,K107_PR006,0,1,K107_PR006.ome.tiff
12709,K107_PR007,0,1,K107_PR007.ome.tiff
12712,K107_PR008,0,1,K107_PR008.ome.tiff
12715,K107_PR009,0,1,K107_PR009.ome.tiff
16578,GK114_PR005,0,0,GK114_PR005.ome.tiff
16581,GK114_PR006,0,0,GK114_PR006.ome.tiff
16584,GK114_PR007,0,0,GK114_PR007.ome.tiff
11490,K114_PR001,0,0,K114_PR001.ome.tiff
11494,K114_PR002,0,0,K114_PR002.ome.tiff
11497,K114_PR003,0,0,K114_PR003.ome.tiff
11500,K114_PR004,0,0,K114_PR004.ome.tiff
12736,K118_MR001,0,1,K118_MR001.ome.tiff
12721,K118_PR001,0,1,K118_PR001.ome.tiff
12724,K118_PR002,0,1,K118_PR002.ome.tiff
12727,K118_PR003,0,1,K118_PR003.ome.tiff
12730,K118_PR004,0,1,K118_PR004.ome.tiff
12733,K118_PR005,0,1,K118_PR005.ome.tiff
12742,K119_PR001,0,0,K119_PR001.ome.tiff
12745,K119_PR002,0,0,K119_PR002.ome.tiff
12751,K119_PR004,0,0,K119_PR004.ome.tiff
10517,K123_PR024,1,0,K123_PR024.ome.tiff
10538,K123_PR032,1,0,K123_PR032.ome.tiff
10539,K123_PR033,1,0,K123_PR033.ome.tiff
10540,K123_PR034,1,0,K123_PR034.ome.tiff
10561,K123_PR049,1,0,K123_PR049.ome.tiff
10578,K123_PR062,1,0,K123_PR062.ome.tiff
10609,K123_PR079,1,0,K123_PR079.ome.tiff
12271,K124_PR001,1,0,K124_PR001.ome.tiff
12272,K124_PR002,1,0,K124_PR002.ome.tiff
12273,K124_PR003,1,0,K124_PR003.ome.tiff
12274,K124_PR004,1,0,K124_PR004.ome.tiff
12275,K124_PR005,1,0,K124_PR005.ome.tiff
12276,K124_PR006,1,0,K124_PR006.ome.tiff
12345,K124_PR007,1,0,K124_PR007.ome.tiff
12346,K124_PR008,1,0,K124_PR008.ome.tiff
12347,K124_PR011,1,0,K124_PR011.ome.tiff
12348,K124_PR012,1,0,K124_PR012.ome.tiff
12263,K124_PR013,1,0,K124_PR013.ome.tiff
12264,K124_PR014,1,0,K124_PR014.ome.tiff
12265,K124_PR015,1,0,K124_PR015.ome.tiff
12266,K124_PR016,1,0,K124_PR016.ome.tiff
12267,K124_PR017,1,0,K124_PR017.ome.tiff
12268,K124_PR018,1,0,K124_PR018.ome.tiff
12279,K124_PR019,1,0,K124_PR019.ome.tiff
12280,K124_PR020,1,0,K124_PR020.ome.tiff
12281,K124_PR021,1,0,K124_PR021.ome.tiff
12282,K124_PR022,1,0,K124_PR022.ome.tiff
12283,K124_PR023,1,0,K124_PR023.ome.tiff
12284,K124_PR024,1,0,K124_PR024.ome.tiff
12287,K124_PR025,1,0,K124_PR025.ome.tiff
12288,K124_PR026,1,0,K124_PR026.ome.tiff
12289,K124_PR028,1,0,K124_PR028.ome.tiff
12290,K124_PR029,1,0,K124_PR029.ome.tiff
12291,K124_PR030,1,0,K124_PR030.ome.tiff
12294,K124_PR031,1,0,K124_PR031.ome.tiff
12295,K124_PR033,1,0,K124_PR033.ome.tiff
12296,K124_PR034,1,0,K124_PR034.ome.tiff
12297,K124_PR035,1,0,K124_PR035.ome.tiff
12298,K124_PR036,1,0,K124_PR036.ome.tiff
12301,K124_PR037,1,0,K124_PR037.ome.tiff
12302,K124_PR038,1,0,K124_PR038.ome.tiff
12303,K124_PR039,1,0,K124_PR039.ome.tiff
12304,K124_PR040,1,0,K124_PR040.ome.tiff
12305,K124_PR041,1,0,K124_PR041.ome.tiff
12306,K124_PR042,1,0,K124_PR042.ome.tiff
12309,K124_PR043,1,0,K124_PR043.ome.tiff
12310,K124_PR044,1,0,K124_PR044.ome.tiff
12311,K124_PR045,1,0,K124_PR045.ome.tiff
12312,K124_PR046,1,0,K124_PR046.ome.tiff
12313,K124_PR047,1,0,K124_PR047.ome.tiff
12314,K124_PR048,1,0,K124_PR048.ome.tiff
12317,K124_PR049,1,0,K124_PR049.ome.tiff
12318,K124_PR050,1,0,K124_PR050.ome.tiff
12319,K124_PR051,1,0,K124_PR051.ome.tiff
12320,K124_PR052,1,0,K124_PR052.ome.tiff
13151,K124_PR055,1,0,K124_PR055.ome.tiff
13152,K124_PR056,1,0,K124_PR056.ome.tiff
13153,K124_PR057,1,0,K124_PR057.ome.tiff
13154,K124_PR058,1,0,K124_PR058.ome.tiff
13155,K124_PR059,1,0,K124_PR059.ome.tiff
13156,K124_PR060,1,0,K124_PR060.ome.tiff
12331,K124_PR061,1,0,K124_PR061.ome.tiff
12332,K124_PR062,1,0,K124_PR062.ome.tiff
12333,K124_PR063,1,0,K124_PR063.ome.tiff
12334,K124_PR064,1,0,K124_PR064.ome.tiff
12335,K124_PR065,1,0,K124_PR065.ome.tiff
12336,K124_PR066,1,0,K124_PR066.ome.tiff
12339,K124_PR067,1,0,K124_PR067.ome.tiff
12340,K124_PR068,1,0,K124_PR068.ome.tiff
12341,K124_PR069,1,0,K124_PR069.ome.tiff
12497,K128_PR004,1,0,K128_PR004.ome.tiff
12498,K128_PR005,1,0,K128_PR005.ome.tiff
12499,K128_PR006,1,0,K128_PR006.ome.tiff
12573,K128_PR007,1,0,K128_PR007.ome.tiff
12574,K128_PR008,1,0,K128_PR008.ome.tiff
12575,K128_PR009,1,0,K128_PR009.ome.tiff
12576,K128_PR010,1,0,K128_PR010.ome.tiff
12577,K128_PR011,1,0,K128_PR011.ome.tiff
12486,K128_PR013,1,0,K128_PR013.ome.tiff
12488,K128_PR015,1,0,K128_PR015.ome.tiff
12489,K128_PR016,1,0,K128_PR016.ome.tiff
12490,K128_PR017,1,0,K128_PR017.ome.tiff
12506,K128_PR023,1,0,K128_PR023.ome.tiff
12510,K128_PR025,1,0,K128_PR025.ome.tiff
12511,K128_PR026,1,0,K128_PR026.ome.tiff
12513,K128_PR028,1,0,K128_PR028.ome.tiff
12514,K128_PR029,1,0,K128_PR029.ome.tiff
12515,K128_PR030,1,0,K128_PR030.ome.tiff
12518,K128_PR031,1,0,K128_PR031.ome.tiff
12519,K128_PR032,1,0,K128_PR032.ome.tiff
12520,K128_PR033,1,0,K128_PR033.ome.tiff
12521,K128_PR034,1,0,K128_PR034.ome.tiff
12526,K128_PR037,1,0,K128_PR037.ome.tiff
12534,K128_PR044,1,0,K128_PR044.ome.tiff
12535,K128_PR045,1,0,K128_PR045.ome.tiff
12536,K128_PR046,1,0,K128_PR046.ome.tiff
12542,K128_PR050,1,0,K128_PR050.ome.tiff
12543,K128_PR051,1,0,K128_PR051.ome.tiff
12545,K128_PR053,1,0,K128_PR053.ome.tiff
12546,K128_PR054,1,0,K128_PR054.ome.tiff
12549,K128_PR055,1,0,K128_PR055.ome.tiff
12550,K128_PR056,1,0,K128_PR056.ome.tiff
12551,K128_PR057,1,0,K128_PR057.ome.tiff
12553,K128_PR059,1,0,K128_PR059.ome.tiff
12554,K128_PR060,1,0,K128_PR060.ome.tiff
12557,K128_PR061,1,0,K128_PR061.ome.tiff
12558,K128_PR062,1,0,K128_PR062.ome.tiff
12559,K128_PR063,1,0,K128_PR063.ome.tiff
12560,K128_PR064,1,0,K128_PR064.ome.tiff
12561,K128_PR065,1,0,K128_PR065.ome.tiff
12562,K128_PR066,1,0,K128_PR066.ome.tiff
12565,K128_PR067,1,0,K128_PR067.ome.tiff
12566,K128_PR068,1,0,K128_PR068.ome.tiff
12567,K128_PR069,1,0,K128_PR069.ome.tiff
12568,K128_PR070,1,0,K128_PR070.ome.tiff
12569,K128_PR071,1,0,K128_PR071.ome.tiff
12570,K128_PR072,1,0,K128_PR072.ome.tiff
12581,K128_PR073,1,0,K128_PR073.ome.tiff
12582,K128_PR074,1,0,K128_PR074.ome.tiff
12583,K128_PR075,1,0,K128_PR075.ome.tiff
12584,K128_PR076,1,0,K128_PR076.ome.tiff
12585,K128_PR077,1,0,K128_PR077.ome.tiff
12586,K128_PR078,1,0,K128_PR078.ome.tiff
12589,K128_PR079,1,0,K128_PR079.ome.tiff
12590,K128_PR080,1,0,K128_PR080.ome.tiff
12592,K128_PR082,1,0,K128_PR082.ome.tiff
13028,K130_PR001,1,0,K130_PR001.ome.tiff
13029,K130_PR002,1,0,K130_PR002.ome.tiff
13030,K130_PR003,1,0,K130_PR003.ome.tiff
13032,K130_PR005,1,0,K130_PR005.ome.tiff
13033,K130_PR006,1,0,K130_PR006.ome.tiff
13044,K130_PR007,1,0,K130_PR007.ome.tiff
13045,K130_PR008,1,0,K130_PR008.ome.tiff
13046,K130_PR009,1,0,K130_PR009.ome.tiff
13047,K130_PR010,1,0,K130_PR010.ome.tiff
13048,K130_PR011,1,0,K130_PR011.ome.tiff
13049,K130_PR012,1,0,K130_PR012.ome.tiff
13020,K130_PR013,1,0,K130_PR013.ome.tiff
13021,K130_PR014,1,0,K130_PR014.ome.tiff
13022,K130_PR015,1,0,K130_PR015.ome.tiff
13023,K130_PR016,1,0,K130_PR016.ome.tiff
13024,K130_PR017,1,0,K130_PR017.ome.tiff
13025,K130_PR018,1,0,K130_PR018.ome.tiff
13036,K130_PR019,1,0,K130_PR019.ome.tiff
13037,K130_PR020,1,0,K130_PR020.ome.tiff
13038,K130_PR021,1,0,K130_PR021.ome.tiff
13039,K130_PR022,1,0,K130_PR022.ome.tiff
13040,K130_PR023,1,0,K130_PR023.ome.tiff
13041,K130_PR024,1,0,K130_PR024.ome.tiff
3676,K130_PR025,1,0,K130_PR025.ome.tiff
3677,K130_PR026,1,0,K130_PR026.ome.tiff
3678,K130_PR027,1,0,K130_PR027.ome.tiff
3679,K130_PR028,1,0,K130_PR028.ome.tiff
3680,K130_PR029,1,0,K130_PR029.ome.tiff
3681,K130_PR030,1,0,K130_PR030.ome.tiff
3684,K130_PR031,1,0,K130_PR031.ome.tiff
3685,K130_PR032,1,0,K130_PR032.ome.tiff
3686,K130_PR033,1,0,K130_PR033.ome.tiff
3687,K130_PR034,1,0,K130_PR034.ome.tiff
3692,K130_PR037,1,0,K130_PR037.ome.tiff
3695,K130_PR039,1,0,K130_PR039.ome.tiff
3696,K130_PR040,1,0,K130_PR040.ome.tiff
3697,K130_PR041,1,0,K130_PR041.ome.tiff
3698,K130_PR042,1,0,K130_PR042.ome.tiff
3701,K130_PR043,1,0,K130_PR043.ome.tiff
3702,K130_PR044,1,0,K130_PR044.ome.tiff
3703,K130_PR045,1,0,K130_PR045.ome.tiff
3704,K130_PR046,1,0,K130_PR046.ome.tiff
3705,K130_PR047,1,0,K130_PR047.ome.tiff
3706,K130_PR048,1,0,K130_PR048.ome.tiff
3709,K130_PR049,1,0,K130_PR049.ome.tiff
3710,K130_PR050,1,0,K130_PR050.ome.tiff
3711,K130_PR051,1,0,K130_PR051.ome.tiff
3712,K130_PR052,1,0,K130_PR052.ome.tiff
3713,K130_PR053,1,0,K130_PR053.ome.tiff
3714,K130_PR054,1,0,K130_PR054.ome.tiff
4288,K130_PR055,1,0,K130_PR055.ome.tiff
4289,K130_PR056,1,0,K130_PR056.ome.tiff
4290,K130_PR057,1,0,K130_PR057.ome.tiff
4291,K130_PR058,1,0,K130_PR058.ome.tiff
4292,K130_PR059,1,0,K130_PR059.ome.tiff
4293,K130_PR060,1,0,K130_PR060.ome.tiff
3717,K130_PR061,1,0,K130_PR061.ome.tiff
3718,K130_PR062,1,0,K130_PR062.ome.tiff
3719,K130_PR063,1,0,K130_PR063.ome.tiff
3720,K130_PR064,1,0,K130_PR064.ome.tiff
3721,K130_PR065,1,0,K130_PR065.ome.tiff
3722,K130_PR066,1,0,K130_PR066.ome.tiff
3725,K130_PR067,1,0,K130_PR067.ome.tiff
3726,K130_PR068,1,0,K130_PR068.ome.tiff
3727,K130_PR069,1,0,K130_PR069.ome.tiff
3728,K130_PR070,1,0,K130_PR070.ome.tiff
3730,K130_PR072,1,0,K130_PR072.ome.tiff
3733,K130_PR073,1,0,K130_PR073.ome.tiff
3734,K130_PR074,1,0,K130_PR074.ome.tiff
3735,K130_PR075,1,0,K130_PR075.ome.tiff
3736,K130_PR076,1,0,K130_PR076.ome.tiff
3737,K130_PR077,1,0,K130_PR077.ome.tiff
3738,K130_PR078,1,0,K130_PR078.ome.tiff
3741,K130_PR079,1,0,K130_PR079.ome.tiff
3742,K130_PR080,1,0,K130_PR080.ome.tiff
10777,K136_PR001,1,0,K136_PR001.ome.tiff
10780,K136_PR002,1,0,K136_PR002.ome.tiff
10783,K136_PR003,1,0,K136_PR003.ome.tiff
10786,K136_PR004,1,0,K136_PR004.ome.tiff
10789,K136_PR005,1,1,K136_PR005.ome.tiff
10792,K136_PR006,1,0,K136_PR006.ome.tiff
10795,K136_PR007,1,0,K136_PR007.ome.tiff
10798,K136_PR008,1,0,K136_PR008.ome.tiff
12137,K138_PR001,0,0,K138_PR001.ome.tiff
12138,K138_PR002,0,0,K138_PR002.ome.tiff
12139,K138_PR003,0,0,K138_PR003.ome.tiff
12141,K138_PR005,0,0,K138_PR005.ome.tiff
12142,K138_PR006,0,0,K138_PR006.ome.tiff
12150,K138_PR007,0,0,K138_PR007.ome.tiff
12151,K138_PR008,0,0,K138_PR008.ome.tiff
12152,K138_PR009,0,0,K138_PR009.ome.tiff
12153,K138_PR010,0,0,K138_PR010.ome.tiff
12154,K138_PR011,0,0,K138_PR011.ome.tiff
12129,K138_PR013,0,0,K138_PR013.ome.tiff
12130,K138_PR014,0,0,K138_PR014.ome.tiff
12131,K138_PR015,0,0,K138_PR015.ome.tiff
12132,K138_PR016,0,0,K138_PR016.ome.tiff
12133,K138_PR017,0,0,K138_PR017.ome.tiff
12134,K138_PR018,0,0,K138_PR018.ome.tiff
12145,K138_PR019,0,0,K138_PR019.ome.tiff
12146,K138_PR020,0,0,K138_PR020.ome.tiff
12147,K138_PR021,0,0,K138_PR021.ome.tiff
16709,K150_PR001,1,0,K150_PR001.ome.tiff
16710,K150_PR002,1,0,K150_PR002.ome.tiff
16711,K150_PR003,1,0,K150_PR003.ome.tiff
16712,K150_PR004,1,0,K150_PR004.ome.tiff
11083,K153_LR001,0,1,K153_LR001.ome.tiff
11084,K153_LR002,0,1,K153_LR002.ome.tiff
11085,K153_LR003,0,1,K153_LR003.ome.tiff
11086,K153_LR004,0,1,K153_LR004.ome.tiff
11087,K153_LR005,0,1,K153_LR005.ome.tiff
11088,K153_LR006,0,1,K153_LR006.ome.tiff
11146,K153_LR007,0,1,K153_LR007.ome.tiff
11147,K153_LR008,0,1,K153_LR008.ome.tiff
11148,K153_LR009,0,1,K153_LR009.ome.tiff
11149,K153_LR010,0,1,K153_LR010.ome.tiff
11150,K153_LR011,0,1,K153_LR011.ome.tiff
11151,K153_LR012,0,1,K153_LR012.ome.tiff
11075,K153_LR013,0,1,K153_LR013.ome.tiff
11091,K153_LR019,0,1,K153_LR019.ome.tiff
11093,K153_LR021,0,1,K153_LR021.ome.tiff
11094,K153_LR022,0,1,K153_LR022.ome.tiff
11095,K153_LR023,0,1,K153_LR023.ome.tiff
11096,K153_LR024,0,1,K153_LR024.ome.tiff
11099,K153_LR025,0,1,K153_LR025.ome.tiff
11100,K153_LR026,0,1,K153_LR026.ome.tiff
11101,K153_LR027,0,1,K153_LR027.ome.tiff
11103,K153_LR029,0,1,K153_LR029.ome.tiff
11104,K153_LR030,0,1,K153_LR030.ome.tiff
11108,K153_LR032,0,1,K153_LR032.ome.tiff
11109,K153_LR033,0,1,K153_LR033.ome.tiff
11111,K153_LR035,0,1,K153_LR035.ome.tiff
11128,K153_PR048,1,0,K153_PR048.ome.tiff
11131,K153_PR049,1,0,K153_PR049.ome.tiff
11132,K153_PR050,1,0,K153_PR050.ome.tiff
11133,K153_PR051,1,0,K153_PR051.ome.tiff
11135,K153_PR053,1,0,K153_PR053.ome.tiff
11136,K153_PR054,1,0,K153_PR054.ome.tiff
13173,K153_PR055,1,0,K153_PR055.ome.tiff
13174,K153_PR056,1,0,K153_PR056.ome.tiff
13175,K153_PR057,0,1,K153_PR057.ome.tiff
13176,K153_PR058,1,0,K153_PR058.ome.tiff
13177,K153_PR058_exclude,1,0,K153_PR058_exclude.ome.tiff
13178,K153_PR059,0,1,K153_PR059.ome.tiff
13263,K156_PR001,1,0,K156_PR001.ome.tiff
13264,K156_PR002,1,0,K156_PR002.ome.tiff
13265,K156_PR003,1,0,K156_PR003.ome.tiff
13267,K156_PR005,1,0,K156_PR005.ome.tiff
13268,K156_PR006,1,0,K156_PR006.ome.tiff
13335,K156_PR007,1,0,K156_PR007.ome.tiff
13336,K156_PR008,1,0,K156_PR008.ome.tiff
13337,K156_PR009,1,0,K156_PR009.ome.tiff
13338,K156_PR010,1,0,K156_PR010.ome.tiff
13339,K156_PR011,1,0,K156_PR011.ome.tiff
13340,K156_PR012,1,0,K156_PR012.ome.tiff
13255,K156_PR013,1,0,K156_PR013.ome.tiff
13256,K156_PR014,1,0,K156_PR014.ome.tiff
13257,K156_PR015,1,0,K156_PR015.ome.tiff
13259,K156_PR017,1,0,K156_PR017.ome.tiff
13272,K156_PR020,1,0,K156_PR020.ome.tiff
13273,K156_PR021,1,0,K156_PR021.ome.tiff
13274,K156_PR022,1,0,K156_PR022.ome.tiff
13275,K156_PR023,1,0,K156_PR023.ome.tiff
13276,K156_PR024,1,0,K156_PR024.ome.tiff
13279,K156_PR025,1,0,K156_PR025.ome.tiff
13280,K156_PR026,1,0,K156_PR026.ome.tiff
13281,K156_PR027,1,0,K156_PR027.ome.tiff
13282,K156_PR028,1,0,K156_PR028.ome.tiff
13283,K156_PR029,1,0,K156_PR029.ome.tiff
13284,K156_PR030,1,0,K156_PR030.ome.tiff
13291,K156_PR035,1,0,K156_PR035.ome.tiff
13292,K156_PR036,1,0,K156_PR036.ome.tiff
13295,K156_PR037,1,0,K156_PR037.ome.tiff
13297,K156_PR039,1,0,K156_PR039.ome.tiff
13298,K156_PR040,1,0,K156_PR040.ome.tiff
13299,K156_PR041,1,0,K156_PR041.ome.tiff
13300,K156_PR042,1,0,K156_PR042.ome.tiff
13303,K156_PR043,1,0,K156_PR043.ome.tiff
13314,K156_PR053,1,0,K156_PR053.ome.tiff
13315,K156_PR054,1,0,K156_PR054.ome.tiff
13316,K156_PR055,1,0,K156_PR055.ome.tiff
13319,K156_PR056,1,0,K156_PR056.ome.tiff
13320,K156_PR057,1,0,K156_PR057.ome.tiff
13321,K156_PR058,1,0,K156_PR058.ome.tiff
13322,K156_PR059,1,0,K156_PR059.ome.tiff
13324,K156_PR061,1,0,K156_PR061.ome.tiff
13248,K156_PR063,1,0,K156_PR063.ome.tiff
13249,K156_PR064,1,0,K156_PR064.ome.tiff
13250,K156_PR065,1,0,K156_PR065.ome.tiff
13251,K156_PR066,1,0,K156_PR066.ome.tiff
13252,K156_PR067,1,0,K156_PR067.ome.tiff
13327,K156_PR068,1,0,K156_PR068.ome.tiff
13328,K156_PR069,1,0,K156_PR069.ome.tiff
13329,K156_PR070,1,0,K156_PR070.ome.tiff
13330,K156_PR071,1,0,K156_PR071.ome.tiff
13331,K156_PR072,1,0,K156_PR072.ome.tiff
13332,K156_PR073,1,0,K156_PR073.ome.tiff
11175,K163_PR001,0,0,K163_PR001.ome.tiff
11177,K163_PR004,0,0,K163_PR004.ome.tiff
11178,K163_PR005,0,0,K163_PR005.ome.tiff
11212,K163_PR009,0,0,K163_PR009.ome.tiff
11213,K163_PR010,0,0,K163_PR010.ome.tiff
11215,K163_PR012,0,0,K163_PR012.ome.tiff
11167,K163_PR013,0,0,K163_PR013.ome.tiff
11170,K163_PR016,0,0,K163_PR016.ome.tiff
11171,K163_PR017,1,0,K163_PR017.ome.tiff
11172,K163_PR018,1,0,K163_PR018.ome.tiff
11181,K163_PR019,1,0,K163_PR019.ome.tiff
11182,K163_PR020,0,0,K163_PR020.ome.tiff
11183,K163_PR021,0,0,K163_PR021.ome.tiff
11184,K163_PR022,1,0,K163_PR022.ome.tiff
11186,K163_PR024,1,0,K163_PR024.ome.tiff
11189,K163_PR025,1,0,K163_PR025.ome.tiff
11190,K163_PR026,1,0,K163_PR026.ome.tiff
11191,K163_PR027,0,0,K163_PR027.ome.tiff
11194,K163_PR030,1,0,K163_PR030.ome.tiff
11197,K163_PR031,1,0,K163_PR031.ome.tiff
11198,K163_PR032,1,0,K163_PR032.ome.tiff
11200,K163_PR034,1,0,K163_PR034.ome.tiff
11201,K163_PR035,1,0,K163_PR035.ome.tiff
10845,K165_PR001,0,0,K165_PR001.ome.tiff
10844,K165_PR002,0,0,K165_PR002.ome.tiff
10843,K165_PR003,0,0,K165_PR003.ome.tiff
10842,K165_PR004,0,0,K165_PR004.ome.tiff
10874,K165_PR005,0,0,K165_PR005.ome.tiff
10875,K165_PR006,0,0,K165_PR006.ome.tiff
10876,K165_PR007,0,0,K165_PR007.ome.tiff
10877,K165_PR008,0,0,K165_PR008.ome.tiff
10879,K165_PR010,0,0,K165_PR010.ome.tiff
10834,K165_PR011,0,0,K165_PR011.ome.tiff
10835,K165_PR012,0,0,K165_PR012.ome.tiff
10836,K165_PR013,0,0,K165_PR013.ome.tiff
10838,K165_PR015,0,0,K165_PR015.ome.tiff
10839,K165_PR016,0,0,K165_PR016.ome.tiff
10850,K165_PR017,0,0,K165_PR017.ome.tiff
10851,K165_PR018,0,0,K165_PR018.ome.tiff
10852,K165_PR019,0,0,K165_PR019.ome.tiff
10853,K165_PR020,0,0,K165_PR020.ome.tiff
10854,K165_PR021,0,0,K165_PR021.ome.tiff
10859,K165_PR024,0,0,K165_PR024.ome.tiff
10860,K165_PR025,0,0,K165_PR025.ome.tiff
10861,K165_PR026,0,0,K165_PR026.ome.tiff
10862,K165_PR027,0,0,K165_PR027.ome.tiff
10863,K165_PR028,0,0,K165_PR028.ome.tiff
10866,K165_PR029,0,0,K165_PR029.ome.tiff
10867,K165_PR030,0,0,K165_PR030.ome.tiff
10868,K165_PR031,0,0,K165_PR031.ome.tiff
10869,K165_PR032,0,0,K165_PR032.ome.tiff
10870,K165_PR033,0,0,K165_PR033.ome.tiff
12781,K169_MR001,0,0,K169_MR001.ome.tiff
12782,K169_MR002,0,0,K169_MR002.ome.tiff
12766,K169_PR002,0,0,K169_PR002.ome.tiff
12767,K169_PR003,0,0,K169_PR003.ome.tiff
12769,K169_PR005,0,0,K169_PR005.ome.tiff
12772,K169_PR006,0,0,K169_PR006.ome.tiff
12773,K169_PR007,0,0,K169_PR007.ome.tiff
12774,K169_PR008,0,0,K169_PR008.ome.tiff
12776,K169_PR010,0,0,K169_PR010.ome.tiff
12760,K169_PR013,0,0,K169_PR013.ome.tiff
12761,K169_PR014,0,0,K169_PR014.ome.tiff
10882,K176_PR001,0,0,K176_PR001.ome.tiff
10883,K176_PR002,0,0,K176_PR002.ome.tiff
10884,K176_PR003,0,0,K176_PR003.ome.tiff
10887,K176_PR006,0,0,K176_PR006.ome.tiff
10888,K176_PR007,0,0,K176_PR007.ome.tiff
5169,K177_PR002,1,1,K177_PR002.ome.tiff
5172,K177_PR003,1,1,K177_PR003.ome.tiff
5175,K177_PR004,1,1,K177_PR004.ome.tiff
5178,K177_PR005,1,1,K177_PR005.ome.tiff
12821,K180_MR002,1,0,K180_MR002.ome.tiff
12825,K180_MR002-4,1,0,K180_MR002-4.ome.tiff
12823,K180_MR004,1,0,K180_MR004.ome.tiff
12799,K180_PR003,1,0,K180_PR003.ome.tiff
12800,K180_PR004,0,0,K180_PR004.ome.tiff
12802,K180_PR006,1,0,K180_PR006.ome.tiff
12789,K180_PR013,0,0,K180_PR013.ome.tiff
12792,K180_PR016,1,0,K180_PR016.ome.tiff
12807,K180_PR021,1,0,K180_PR021.ome.tiff
12808,K180_PR022,1,0,K180_PR022.ome.tiff
12813,K180_PR025,1,0,K180_PR025.ome.tiff
12816,K180_PR028,1,0,K180_PR028.ome.tiff
12817,K180_PR029,1,0,K180_PR029.ome.tiff
12351,K182_PR001,1,0,K182_PR001.ome.tiff
12352,K182_PR002,1,0,K182_PR002.ome.tiff
12353,K182_PR003,1,0,K182_PR003.ome.tiff
12837,K191_MR001,0,1,K191_MR001.ome.tiff
12838,K191_MR002,0,1,K191_MR002.ome.tiff
12839,K191_MR003,0,1,K191_MR003.ome.tiff
12840,K191_PR004,0,1,K191_PR004.ome.tiff
12841,K191_PR005,0,1,K191_PR005.ome.tiff
12844,K191_PR006,0,1,K191_PR006.ome.tiff
12845,K191_PR008,0,1,K191_PR008.ome.tiff
12846,K191_PR009,0,1,K191_PR009.ome.tiff
12853,K206_MR001,1,0,K206_MR001.ome.tiff
12854,K206_MR002,1,0,K206_MR002.ome.tiff
12855,K206_MR003,1,0,K206_MR003.ome.tiff
12856,K206_MR004,1,0,K206_MR004.ome.tiff
12869,K206_PR001,1,0,K206_PR001.ome.tiff
12870,K206_PR002,1,0,K206_PR002.ome.tiff
12872,K206_PR004,1,0,K206_PR004.ome.tiff
12875,K206_PR005,1,0,K206_PR005.ome.tiff
12876,K206_PR006,1,0,K206_PR006.ome.tiff
12877,K206_PR007,1,0,K206_PR007.ome.tiff
12881,K206_PR009,1,0,K206_PR009.ome.tiff
12865,K206_PR016,1,0,K206_PR016.ome.tiff
12866,K206_PR017,1,0,K206_PR017.ome.tiff
13663,K207_PR002,0,0,K207_PR002.ome.tiff
13664,K207_PR004,0,0,K207_PR004.ome.tiff
13665,K207_PR005,0,0,K207_PR005.ome.tiff
13666,K207_PR007,0,0,K207_PR007.ome.tiff
13678,K207_PR009,0,0,K207_PR009.ome.tiff
11535,K208_PR001,1,0,K208_PR001.ome.tiff
11538,K208_PR002,1,0,K208_PR002.ome.tiff
11542,K208_PR004,1,0,K208_PR004.ome.tiff
10917,K220_PR001,1,0,K220_PR001.ome.tiff
10918,K220_PR002,1,0,K220_PR002.ome.tiff
10919,K220_PR003,1,0,K220_PR003.ome.tiff
10921,K220_PR005,1,0,K220_PR005.ome.tiff
10925,K220_PR007,1,0,K220_PR007.ome.tiff
10926,K220_PR008,1,0,K220_PR008.ome.tiff
10927,K220_PR009,1,0,K220_PR009.ome.tiff
10929,K220_PR011,1,0,K220_PR011.ome.tiff
10930,K220_PR012,1,0,K220_PR012.ome.tiff
10908,K220_PR013,0,0,K220_PR013.ome.tiff
10909,K220_PR014,1,0,K220_PR014.ome.tiff
10910,K220_PR015,0,0,K220_PR015.ome.tiff
13182,K222_PR002,0,0,K222_PR002.ome.tiff
13183,K222_PR003,0,0,K222_PR003.ome.tiff
13184,K222_PR004,0,0,K222_PR004.ome.tiff
3647,K226_PR003,1,0,K226_PR003.ome.tiff
3648,K226_PR004,1,0,K226_PR004.ome.tiff
3650,K226_PR006,1,0,K226_PR006.ome.tiff
3659,K228_PR003,1,0,K228_PR003.ome.tiff
3665,K228_PR006,1,0,K228_PR006.ome.tiff
3668,K228_PR009,1,0,K228_PR009.ome.tiff
12099,K229_LR001,0,0,K229_LR001.ome.tiff
12101,K229_LR003,0,0,K229_LR003.ome.tiff
12102,K229_LR004,0,0,K229_LR004.ome.tiff
12085,K229_PR001,0,0,K229_PR001.ome.tiff
12086,K229_PR002,0,0,K229_PR002.ome.tiff
12087,K229_PR003,0,0,K229_PR003.ome.tiff
12093,K229_PR007,0,0,K229_PR007.ome.tiff
13187,K233_PR001,1,0,K233_PR001.ome.tiff
13188,K233_PR002,1,0,K233_PR002.ome.tiff
13189,K233_PR003,1,0,K233_PR003.ome.tiff
13190,K233_PR004,1,0,K233_PR004.ome.tiff
11668,K234_MR001,0,1,K234_MR001.ome.tiff
11647,K234_PR001,0,1,K234_PR001.ome.tiff
11648,K234_PR002,0,1,K234_PR002.ome.tiff
11649,K234_PR003,0,1,K234_PR003.ome.tiff
11650,K234_PR004,0,1,K234_PR004.ome.tiff
11651,K234_PR005,0,1,K234_PR005.ome.tiff
11661,K234_PR006,0,1,K234_PR006.ome.tiff
11662,K234_PR007,0,1,K234_PR007.ome.tiff
11663,K234_PR008,0,1,K234_PR008.ome.tiff
11664,K234_PR009,0,1,K234_PR009.ome.tiff
11665,K234_PR010,0,1,K234_PR010.ome.tiff
11640,K234_PR011,0,1,K234_PR011.ome.tiff
11641,K234_PR012,0,1,K234_PR012.ome.tiff
11642,K234_PR013,0,1,K234_PR013.ome.tiff
11643,K234_PR014,0,1,K234_PR014.ome.tiff
11644,K234_PR015,0,1,K234_PR015.ome.tiff
13194,K234_PR017,0,1,K234_PR017.ome.tiff
13196,K234_PR019,0,1,K234_PR019.ome.tiff
13197,K234_PR020,0,1,K234_PR020.ome.tiff
11689,K237_PR001,0,0,K237_PR001.ome.tiff
11690,K237_PR002,0,0,K237_PR002.ome.tiff
11691,K237_PR003,0,0,K237_PR003.ome.tiff
11692,K237_PR004,0,0,K237_PR004.ome.tiff
11693,K237_PR005,0,0,K237_PR005.ome.tiff
11696,K237_PR006,0,0,K237_PR006.ome.tiff
11697,K237_PR007,0,0,K237_PR007.ome.tiff
11698,K237_PR008,0,0,K237_PR008.ome.tiff
11714,K239_MR001,0,0,K239_MR001.ome.tiff
10966,K239_PR002_a,0,1,K239_PR002_a.ome.tiff
10971,K239_PR002_b,0,1,K239_PR002_b.ome.tiff
10967,K239_PR003,0,3,K239_PR003.ome.tiff
10968,K239_PR004,0,1,K239_PR004.ome.tiff
10969,K239_PR005,0,1,K239_PR005.ome.tiff
10975,K239_PR008,0,0,K239_PR008.ome.tiff
10976,K239_PR009,0,0,K239_PR009.ome.tiff
10977,K239_PR010,0,0,K239_PR010.ome.tiff
10978,K239_PR011,0,0,K239_PR011.ome.tiff
12922,K242_PR001,1,0,K242_PR001.ome.tiff
12923,K242_PR002,1,0,K242_PR002.ome.tiff
12924,K242_PR003,1,0,K242_PR003.ome.tiff
12925,K242_PR004,1,0,K242_PR004.ome.tiff
12926,K242_PR005,1,0,K242_PR005.ome.tiff
13207,K242_PR006,1,0,K242_PR006.ome.tiff
13208,K242_PR007,1,0,K242_PR007.ome.tiff
13209,K242_PR008,1,0,K242_PR008.ome.tiff
13210,K242_PR009,1,0,K242_PR009.ome.tiff
13211,K242_PR010,1,0,K242_PR010.ome.tiff
12916,K242_PR012,1,0,K242_PR012.ome.tiff
12917,K242_PR013,1,0,K242_PR013.ome.tiff
12918,K242_PR014,1,0,K242_PR014.ome.tiff
12931,K242_PR016_serial,1,0,K242_PR016_serial.ome.tiff
12930,K242_PR018,1,0,K242_PR018.ome.tiff
12979,K243_MR001,1,0,K243_MR001.ome.tiff
12980,K243_MR002,1,0,K243_MR002.ome.tiff
12981,K243_MR003,1,0,K243_MR003.ome.tiff
12955,K243_PR001,1,0,K243_PR001.ome.tiff
12956,K243_PR002,1,0,K243_PR002.ome.tiff
12957,K243_PR003,1,0,K243_PR003.ome.tiff
12958,K243_PR004,1,0,K243_PR004.ome.tiff
12959,K243_PR005,1,0,K243_PR005.ome.tiff
12960,K243_PR006,1,0,K243_PR006.ome.tiff
12971,K243_PR007,1,0,K243_PR007.ome.tiff
12972,K243_PR008,1,0,K243_PR008.ome.tiff
12973,K243_PR009,1,0,K243_PR009.ome.tiff
12974,K243_PR010,1,0,K243_PR010.ome.tiff
12975,K243_PR011,1,0,K243_PR011.ome.tiff
12976,K243_PR012,2,0,K243_PR012.ome.tiff
12947,K243_PR013,1,0,K243_PR013.ome.tiff
12948,K243_PR014,1,0,K243_PR014.ome.tiff
12949,K243_PR015,1,0,K243_PR015.ome.tiff
12950,K243_PR016,1,0,K243_PR016.ome.tiff
12951,K243_PR017,1,0,K243_PR017.ome.tiff
12952,K243_PR018,1,0,K243_PR018.ome.tiff
12963,K243_PR019,1,0,K243_PR019.ome.tiff
12964,K243_PR020,1,0,K243_PR020.ome.tiff
12965,K243_PR021,1,0,K243_PR021.ome.tiff
12966,K243_PR022,1,0,K243_PR022.ome.tiff
12967,K243_PR023,1,0,K243_PR023.ome.tiff
12968,K243_PR024,1,0,K243_PR024.ome.tiff
13079,K245_MR001,1,0,K245_MR001.ome.tiff
13080,K245_MR002,1,0,K245_MR002.ome.tiff
13081,K245_MR003,1,0,K245_MR003.ome.tiff
13082,K245_MR004,1,0,K245_MR004.ome.tiff
13061,K245_PR001,1,0,K245_PR001.ome.tiff
13062,K245_PR002,1,0,K245_PR002.ome.tiff
13063,K245_PR003,1,0,K245_PR003.ome.tiff
13064,K245_PR004,1,0,K245_PR004.ome.tiff
13067,K245_PR005,1,0,K245_PR005.ome.tiff
13068,K245_PR006,1,0,K245_PR006.ome.tiff
13069,K245_PR007,1,0,K245_PR007.ome.tiff
13070,K245_PR008,1,0,K245_PR008.ome.tiff
13073,K245_PR009,1,0,K245_PR009.ome.tiff
13074,K245_PR010,1,0,K245_PR010.ome.tiff
13075,K245_PR011,1,0,K245_PR011.ome.tiff
13076,K245_PR012,1,0,K245_PR012.ome.tiff
13056,K245_PR013,1,0,K245_PR013.ome.tiff
13057,K245_PR014,1,0,K245_PR014.ome.tiff
14628,K249_PR001,1,0,K249_PR001.ome.tiff
14631,K249_PR004,1,0,K249_PR004.ome.tiff
14632,K249_PR005,1,0,K249_PR005.ome.tiff
14633,K249_PR006,1,0,K249_PR006.ome.tiff
11718,K249_PR008,1,0,K249_PR008.ome.tiff
11719,K249_PR009,1,0,K249_PR009.ome.tiff
11720,K249_PR010,1,0,K249_PR010.ome.tiff
11721,K249_PR011,1,0,K249_PR011.ome.tiff
11722,K249_PR012,1,0,K249_PR012.ome.tiff
10992,K249_PR013,1,0,K249_PR013.ome.tiff
10993,K249_PR014,1,0,K249_PR014.ome.tiff
10994,K249_PR015,1,0,K249_PR015.ome.tiff
10995,K249_PR016,1,0,K249_PR016.ome.tiff
11004,K249_PR017,1,0,K249_PR017.ome.tiff
10409,K250_MR001,0,0,K250_MR001.ome.tiff
10396,K250_PR001,0,0,K250_PR001.ome.tiff
10397,K250_PR002,0,0,K250_PR002.ome.tiff
10403,K250_PR006,0,0,K250_PR006.ome.tiff
10404,K250_PR007,0,0,K250_PR007.ome.tiff
10415,K252_PR001,1,1,K252_PR001.ome.tiff
10417,K252_PR003,1,1,K252_PR003.ome.tiff
10418,K252_PR004,1,1,K252_PR004.ome.tiff
10419,K252_PR005,1,1,K252_PR005.ome.tiff
10424,K252_PR008,1,0,K252_PR008.ome.tiff
10425,K252_PR009,1,0,K252_PR009.ome.tiff
10426,K252_PR010,1,0,K252_PR010.ome.tiff
12380,K253_MR001,0,0,K253_MR001.ome.tiff
12381,K253_MR002,0,0,K253_MR002.ome.tiff
13217,K253_PR004,0,0,K253_PR004.ome.tiff
13218,K253_PR005,0,0,K253_PR005.ome.tiff
12373,K253_PR007,0,0,K253_PR007.ome.tiff
12375,K253_PR010,0,0,K253_PR010.ome.tiff
12409,GK255_MR001b,0,0,GK255_MR001b.ome.tiff
12410,K255_MR002,0,0,K255_MR002.ome.tiff
12396,K255_PR003,0,0,K255_PR003.ome.tiff
12399,K255_PR006,0,0,K255_PR006.ome.tiff
12402,K255_PR007,0,0,K255_PR007.ome.tiff
12405,K255_PR010,0,0,K255_PR010.ome.tiff
12389,K255_PR011,0,0,K255_PR011.ome.tiff
12390,K255_PR012,0,0,K255_PR012.ome.tiff
12391,K255_PR013,0,0,K255_PR013.ome.tiff
10147,K256_PR011,0,0,K256_PR011.ome.tiff
10148,K256_PR012,0,0,K256_PR012.ome.tiff
10126,K256_PR013,0,0,K256_PR013.ome.tiff
10127,K256_PR014,0,0,K256_PR014.ome.tiff
10128,K256_PR015,0,0,K256_PR015.ome.tiff
10129,K256_PR016,0,0,K256_PR016.ome.tiff
12427,K263_PR001,1,0,K263_PR001.ome.tiff
12428,K263_PR002,1,0,K263_PR002.ome.tiff
12430,K263_PR004,1,0,K263_PR004.ome.tiff
12434,K263_PR006,1,0,K263_PR006.ome.tiff
12423,K263_PR014,1,0,K263_PR014.ome.tiff
12596,K265_PR001,0,0,K265_PR001.ome.tiff
12598,K265_PR003,0,0,K265_PR003.ome.tiff
12602,K265_PR005,1,0,K265_PR005.ome.tiff
12603,K265_PR006,1,0,K265_PR006.ome.tiff
12604,K265_PR007,1,0,K265_PR007.ome.tiff
12605,K265_PR008,1,0,K265_PR008.ome.tiff
9957,K272_PR001,1,0,K272_PR001.ome.tiff
9958,K272_PR002,1,0,K272_PR002.ome.tiff
9959,K272_PR003,1,0,K272_PR003.ome.tiff
9960,K272_PR004,1,0,K272_PR004.ome.tiff
9961,K272_PR005,1,0,K272_PR005.ome.tiff
9978,K272_PR006,1,0,K272_PR006.ome.tiff
9979,K272_PR007,1,0,K272_PR007.ome.tiff
9980,K272_PR008,1,0,K272_PR008.ome.tiff
9981,K272_PR009,1,0,K272_PR009.ome.tiff
9982,K272_PR010,1,0,K272_PR010.ome.tiff
9950,K272_PR011,1,0,K272_PR011.ome.tiff
9951,K272_PR012,1,0,K272_PR012.ome.tiff
9952,K272_PR013,1,0,K272_PR013.ome.tiff
9953,K272_PR014,1,0,K272_PR014.ome.tiff
9954,K272_PR015,1,0,K272_PR015.ome.tiff
9964,K272_PR016,1,0,K272_PR016.ome.tiff
9965,K272_PR017,1,0,K272_PR017.ome.tiff
9966,K272_PR018,1,0,K272_PR018.ome.tiff
9967,K272_PR019,1,0,K272_PR019.ome.tiff
9968,K272_PR020,1,0,K272_PR020.ome.tiff
9971,K272_PR021,1,0,K272_PR021.ome.tiff
9972,K272_PR022,1,0,K272_PR022.ome.tiff
9973,K272_PR023,1,0,K272_PR023.ome.tiff
9974,K272_PR024,1,0,K272_PR024.ome.tiff
13091,K276_PR003,0,0,K276_PR003.ome.tiff
13104,K276_PR006,0,0,K276_PR006.ome.tiff
13113,K276_PR013,0,0,K276_PR013.ome.tiff
13114,K276_PR014,0,0,K276_PR014.ome.tiff
13095,K276_PR015,0,0,K276_PR015.ome.tiff
13096,K276_PR016,0,0,K276_PR016.ome.tiff
13097,K276_PR017,0,0,K276_PR017.ome.tiff
13098,K276_PR018,0,0,K276_PR018.ome.tiff
12612,K280_PR001,0,0,K280_PR001.ome.tiff
12613,K280_PR002,0,0,K280_PR002.ome.tiff
12614,K280_PR003,0,0,K280_PR003.ome.tiff
12641,K280_PR005,0,0,K280_PR005.ome.tiff
12642,K280_PR006,0,0,K280_PR006.ome.tiff
12643,K280_PR007,0,0,K280_PR007.ome.tiff
12647,K280_PR009,0,0,K280_PR009.ome.tiff
12650,K280_PR012,0,0,K280_PR012.ome.tiff
12651,K280_PR013,0,0,K280_PR013.ome.tiff
12621,K280_PR019,0,0,K280_PR019.ome.tiff
12622,K280_PR020,0,0,K280_PR020.ome.tiff
12623,K280_PR021,0,0,K280_PR021.ome.tiff
12626,K280_PR023,0,0,K280_PR023.ome.tiff
12628,K280_PR025,0,0,K280_PR025.ome.tiff
12630,K280_PR027,0,0,K280_PR027.ome.tiff
12631,K280_PR028,0,0,K280_PR028.ome.tiff
12634,K280_PR030,0,0,K280_PR030.ome.tiff
12635,K280_PR031,0,0,K280_PR031.ome.tiff
12636,K280_PR032,0,0,K280_PR032.ome.tiff
16766,K304_PR001,1,1,K304_PR001.ome.tiff
16767,K304_PR002,1,1,K304_PR002.ome.tiff
16768,K304_PR003,1,1,K304_PR003.ome.tiff
16769,K304_PR004,1,1,K304_PR004.ome.tiff
16772,K304_PR005,1,1,K304_PR005.ome.tiff
16773,K304_PR006,1,1,K304_PR006.ome.tiff
16774,K304_PR007,1,1,K304_PR007.ome.tiff
16775,K304_PR008,1,1,K304_PR008.ome.tiff
11379,K326_MR001,1,0,K326_MR001.ome.tiff
11369,K326_PR001,1,0,K326_PR001.ome.tiff
11370,K326_PR002,1,0,K326_PR002.ome.tiff
11371,K326_PR003,1,0,K326_PR003.ome.tiff
11372,K326_PR004,1,0,K326_PR004.ome.tiff
11375,K326_PR005,1,0,K326_PR005.ome.tiff
11376,K326_PR006,1,0,K326_PR006.ome.tiff
11414,K328_MR001a,1,1,K328_MR001a.ome.tiff
11415,K328_MR001b,1,1,K328_MR001b.ome.tiff
11394,K328_PR001,1,1,K328_PR001.ome.tiff
11395,K328_PR002,1,1,K328_PR002.ome.tiff
11396,K328_PR003,1,1,K328_PR003.ome.tiff
11406,K328_PR007,1,1,K328_PR007.ome.tiff
11407,K328_PR008,1,1,K328_PR008.ome.tiff
11409,K328_PR010,1,1,K328_PR010.ome.tiff
11411,K328_PR012,1,1,K328_PR012.ome.tiff
11386,K328_PR013,1,1,K328_PR013.ome.tiff
11388,K328_PR015,1,1,K328_PR015.ome.tiff
11389,K328_PR016,1,1,K328_PR016.ome.tiff
11390,K328_PR017,1,1,K328_PR017.ome.tiff
11391,K328_PR018,1,1,K328_PR018.ome.tiff
11402,K328_PR019,1,1,K328_PR019.ome.tiff
16778,K334_PR001,1,0,K334_PR001.ome.tiff
16782,K334_PR005,1,0,K334_PR005.ome.tiff
16783,K334_PR006,1,0,K334_PR006.ome.tiff
16786,K334_PR007,1,0,K334_PR007.ome.tiff
16787,K334_PR008,1,0,K334_PR008.ome.tiff
16790,K334_PR011,0,0,K334_PR011.ome.tiff
16791,K334_PR012,0,0,K334_PR012.ome.tiff
16794,K334_PR013,0,0,K334_PR013.ome.tiff
16805,K352_PR001,0,0,K352_PR001.ome.tiff
16806,K352_PR002,0,0,K352_PR002.ome.tiff
16807,K352_PR003,0,0,K352_PR003.ome.tiff
16808,K352_PR004,0,0,K352_PR004.ome.tiff
16809,K352_PR005,0,0,K352_PR005.ome.tiff
16810,K352_PR006,0,0,K352_PR006.ome.tiff
12456,K354_PR001,1,0,K354_PR001.ome.tiff
12457,K354_PR002,1,0,K354_PR002.ome.tiff
12458,K354_PR003,1,0,K354_PR003.ome.tiff
12459,K354_PR004,1,0,K354_PR004.ome.tiff
12460,K354_PR005,1,0,K354_PR005.ome.tiff
12461,K354_PR006,1,0,K354_PR006.ome.tiff
12465,K354_PR008,1,0,K354_PR008.ome.tiff
12467,K354_PR010,1,0,K354_PR010.ome.tiff
12478,K357_PR001,1,0,K357_PR001.ome.tiff
12479,K357_PR002,1,0,K357_PR002.ome.tiff
12480,K357_PR003,1,0,K357_PR003.ome.tiff
11015,K360_NR001,1,0,K360_NR001.ome.tiff
11025,K360_PR001,1,0,K360_PR001.ome.tiff
11026,K360_PR002,1,0,K360_PR002.ome.tiff
11027,K360_PR003,1,0,K360_PR003.ome.tiff
11028,K360_PR004,1,0,K360_PR004.ome.tiff
11029,K360_PR005,1,0,K360_PR005.ome.tiff
11030,K360_PR006,1,0,K360_PR006.ome.tiff
11033,K360_PR007,1,0,K360_PR007.ome.tiff
11034,K360_PR008,1,0,K360_PR008.ome.tiff
11035,K360_PR009,1,0,K360_PR009.ome.tiff
11036,K360_PR010,1,0,K360_PR010.ome.tiff
11037,K360_PR011,1,0,K360_PR011.ome.tiff
11038,K360_PR012,1,0,K360_PR012.ome.tiff
11019,K360_PR013,1,0,K360_PR013.ome.tiff
11020,K360_PR014,1,0,K360_PR014.ome.tiff
3976,K375_PR002,0,0,K375_PR002.ome.tiff
3977,K375_PR003,0,0,K375_PR003.ome.tiff
3978,K375_PR004,0,0,K375_PR004.ome.tiff
3979,K375_PR005,0,0,K375_PR005.ome.tiff
3980,K375_PR006,0,0,K375_PR006.ome.tiff
3986,K375_PR007,0,0,K375_PR007.ome.tiff
11307,K376_LR002a,0,1,K376_LR002a.ome.tiff
11308,K376_LR002b,0,1,K376_LR002b.ome.tiff
11309,K376_LR003,0,1,K376_LR003.ome.tiff
11337,K376_MR001,0,1,K376_MR001.ome.tiff
11338,K376_MR002,0,1,K376_MR002.ome.tiff
11339,K376_MR003,0,1,K376_MR003.ome.tiff
11323,K376_PR003,0,1,K376_PR003.ome.tiff
11324,K376_PR004,0,1,K376_PR004.ome.tiff
11325,K376_PR005,0,1,K376_PR005.ome.tiff
11329,K376_PR007,0,1,K376_PR007.ome.tiff
11331,K376_PR009,0,1,K376_PR009.ome.tiff
11333,K376_PR011,0,1,K376_PR011.ome.tiff
5211,K379_MR001,1,0,K379_MR001.ome.tiff
5212,K379_MR002,1,0,K379_MR002.ome.tiff
5213,K379_MR003,1,0,K379_MR003.ome.tiff
5214,K379_MR004,1,0,K379_MR004.ome.tiff
5215,K379_MR005,1,0,K379_MR005.ome.tiff
5187,K379_PR013,1,0,K379_PR013.ome.tiff
5188,K379_PR014,1,0,K379_PR014.ome.tiff
5191,K379_PR017,1,0,K379_PR017.ome.tiff
5192,K379_PR018,1,0,K379_PR018.ome.tiff
5203,K379_PR019,1,0,K379_PR019.ome.tiff
5204,K379_PR020,1,0,K379_PR020.ome.tiff
5205,K379_PR021,1,0,K379_PR021.ome.tiff
5206,K379_PR022,1,0,K379_PR022.ome.tiff
5207,K379_PR023,1,0,K379_PR023.ome.tiff
5208,K379_PR024,1,0,K379_PR024.ome.tiff
13999,K386_LR001,0,0,K386_LR001.ome.tiff
14017,K386_LR004,0,0,K386_LR004.ome.tiff
14019,K386_LR006,0,0,K386_LR006.ome.tiff
14020,K386_LR007,0,0,K386_LR007.ome.tiff
14021,K386_LR008,0,0,K386_LR008.ome.tiff
14026,K386_LR009,0,0,K386_LR009.ome.tiff
14027,K386_LR010,0,0,K386_LR010.ome.tiff
13881,K386_PR001,0,0,K386_PR001.ome.tiff
13883,K386_PR003,0,0,K386_PR003.ome.tiff
13884,K386_PR004,0,0,K386_PR004.ome.tiff
13885,K386_PR005,0,0,K386_PR005.ome.tiff
13886,K386_PR006,0,0,K386_PR006.ome.tiff
14006,K386_PR007,0,0,K386_PR007.ome.tiff
14007,K386_PR008,0,0,K386_PR008.ome.tiff
14008,K386_PR009,0,0,K386_PR009.ome.tiff
14009,K386_PR010,0,0,K386_PR010.ome.tiff
14011,K386_PR012,0,0,K386_PR012.ome.tiff
13775,K386_PR013,0,0,K386_PR013.ome.tiff
13776,K386_PR014,0,0,K386_PR014.ome.tiff
13778,K386_PR016,0,0,K386_PR016.ome.tiff
13779,K386_PR017,0,0,K386_PR017.ome.tiff
13780,K386_PR018,0,0,K386_PR018.ome.tiff
13901,K386_PR020,0,0,K386_PR020.ome.tiff
13902,K386_PR021,0,0,K386_PR021.ome.tiff
13904,K386_PR023,0,0,K386_PR023.ome.tiff
13905,K386_PR024,0,0,K386_PR024.ome.tiff
13918,K386_PR025,0,0,K386_PR025.ome.tiff
13919,K386_PR026,0,0,K386_PR026.ome.tiff
13920,K386_PR027,0,0,K386_PR027.ome.tiff
13921,K386_PR028,0,0,K386_PR028.ome.tiff
13922,K386_PR029,0,0,K386_PR029.ome.tiff
13931,K386_PR031,0,0,K386_PR031.ome.tiff
13932,K386_PR032,0,0,K386_PR032.ome.tiff
13934,K386_PR034,0,0,K386_PR034.ome.tiff
13935,K386_PR035,0,0,K386_PR035.ome.tiff
13936,K386_PR036,0,0,K386_PR036.ome.tiff
13943,K386_PR037,0,0,K386_PR037.ome.tiff
13944,K386_PR038,0,0,K386_PR038.ome.tiff
13945,K386_PR039,0,0,K386_PR039.ome.tiff
13956,K386_PR043,0,0,K386_PR043.ome.tiff
13957,K386_PR044,0,0,K386_PR044.ome.tiff
13959,K386_PR046,0,0,K386_PR046.ome.tiff
13960,K386_PR047,0,0,K386_PR047.ome.tiff
13966,K386_PR049,0,0,K386_PR049.ome.tiff
13967,K386_PR050,0,0,K386_PR050.ome.tiff
13968,K386_PR051,0,0,K386_PR051.ome.tiff
13969,K386_PR052,0,0,K386_PR052.ome.tiff
13970,K386_PR053,0,0,K386_PR053.ome.tiff
13971,K386_PR054,0,0,K386_PR054.ome.tiff
13976,K386_PR055,0,0,K386_PR055.ome.tiff
13977,K386_PR056,0,0,K386_PR056.ome.tiff
13978,K386_PR057,0,0,K386_PR057.ome.tiff
13979,K386_PR058,0,0,K386_PR058.ome.tiff
13986,K386_PR061,0,0,K386_PR061.ome.tiff
13987,K386_PR062,0,0,K386_PR062.ome.tiff
13988,K386_PR063,0,0,K386_PR063.ome.tiff
13989,K386_PR064,0,0,K386_PR064.ome.tiff
13990,K386_PR065,0,0,K386_PR065.ome.tiff
13996,K386_PR067,0,0,K386_PR067.ome.tiff
13998,K386_PR069,0,0,K386_PR069.ome.tiff
5278,K390_LR001,0,0,K390_LR001.ome.tiff
5279,K390_LR002,0,0,K390_LR002.ome.tiff
5280,K390_LR003,0,0,K390_LR003.ome.tiff
5281,K390_LR004,0,0,K390_LR004.ome.tiff
5284,K390_MR001,0,0,K390_MR001.ome.tiff
5285,K390_MR002,0,0,K390_MR002.ome.tiff
5270,K390_PR007,0,0,K390_PR007.ome.tiff
5271,K390_PR008,0,0,K390_PR008.ome.tiff
5272,K390_PR009,0,0,K390_PR009.ome.tiff
5274,K390_PR011,0,0,K390_PR011.ome.tiff
5235,K390_PR014,0,0,K390_PR014.ome.tiff
5236,K390_PR015,0,0,K390_PR015.ome.tiff
5237,K390_PR016,0,0,K390_PR016.ome.tiff
5238,K390_PR017,0,0,K390_PR017.ome.tiff
5239,K390_PR018,0,0,K390_PR018.ome.tiff
5256,K390_PR019a,0,0,K390_PR019a.ome.tiff
5257,K390_PR019b,0,0,K390_PR019b.ome.tiff
5258,K390_PR020,0,0,K390_PR020.ome.tiff
5259,K390_PR021,0,0,K390_PR021.ome.tiff
5261,K390_PR023,0,0,K390_PR023.ome.tiff
5262,K390_PR024,0,0,K390_PR024.ome.tiff
13397,K427_MR001,0,0,K427_MR001.ome.tiff
13410,K427_MR0010,0,0,K427_MR0010.ome.tiff
13393,K427_MR0013a,0,0,K427_MR0013a.ome.tiff
13399,K427_MR003,0,0,K427_MR003.ome.tiff
13400,K427_MR004,0,0,K427_MR004.ome.tiff
13403,K427_MR005,0,0,K427_MR005.ome.tiff
13409,K427_MR009,0,0,K427_MR009.ome.tiff
13411,K427_MR011,0,0,K427_MR011.ome.tiff
13412,K427_MR012,0,0,K427_MR012.ome.tiff
13394,K427_MR013b,0,0,K427_MR013b.ome.tiff
13480,K427_MR014,0,0,K427_MR014.ome.tiff
13486,K427_MR016,0,0,K427_MR016.ome.tiff
13489,K427_MR019,0,0,K427_MR019.ome.tiff
13493,K427_MR021,0,0,K427_MR021.ome.tiff
13471,K427_MR024,0,0,K427_MR024.ome.tiff
13472,K427_MR025,0,0,K427_MR025.ome.tiff
13474,K427_MR027,0,0,K427_MR027.ome.tiff
13477,K427_MR028,0,0,K427_MR028.ome.tiff
13428,K427_PR001,0,0,K427_PR001.ome.tiff
13429,K427_PR002,0,0,K427_PR002.ome.tiff
13430,K427_PR003,0,0,K427_PR003.ome.tiff
13431,K427_PR004,0,0,K427_PR004.ome.tiff
13433,K427_PR006,0,0,K427_PR006.ome.tiff
13463,K427_PR007,0,0,K427_PR007.ome.tiff
13465,K427_PR009,0,0,K427_PR009.ome.tiff
13468,K427_PR012,0,0,K427_PR012.ome.tiff
13420,K427_PR013,0,0,K427_PR013.ome.tiff
13421,K427_PR014,0,0,K427_PR014.ome.tiff
13422,K427_PR015,0,0,K427_PR015.ome.tiff
13423,K427_PR016,0,0,K427_PR016.ome.tiff
13425,K427_PR018,0,0,K427_PR018.ome.tiff
13436,K427_PR019,0,0,K427_PR019.ome.tiff
13437,K427_PR020,0,0,K427_PR020.ome.tiff
13438,K427_PR021,0,0,K427_PR021.ome.tiff
13439,K427_PR022,0,0,K427_PR022.ome.tiff
13440,K427_PR023,0,0,K427_PR023.ome.tiff
13441,K427_PR024,0,0,K427_PR024.ome.tiff
13444,K427_PR025,0,0,K427_PR025.ome.tiff
13445,K427_PR026,0,0,K427_PR026.ome.tiff
13447,K427_PR028,0,0,K427_PR028.ome.tiff
13452,K427_PR031,0,0,K427_PR031.ome.tiff
13453,K427_PR032,0,0,K427_PR032.ome.tiff
13454,K427_PR033,0,0,K427_PR033.ome.tiff
13455,K427_PR034,0,0,K427_PR034.ome.tiff
13456,K427_PR035,0,0,K427_PR035.ome.tiff
13457,K427_PR036,0,0,K427_PR036.ome.tiff
6654,K444_PR001,0,0,K444_PR001.ome.tiff
6657,K444_PR002,0,0,K444_PR002.ome.tiff
6666,K444_PR005,0,0,K444_PR005.ome.tiff
6669,K444_PR006,0,0,K444_PR006.ome.tiff
6672,K444_PR007,0,0,K444_PR007.ome.tiff
6675,K444_PR008,0,0,K444_PR008.ome.tiff
6678,K444_PR009,0,0,K444_PR009.ome.tiff
6651,K444_PR010,0,0,K444_PR010.ome.tiff
5360,K446_PR001,0,0,K446_PR001.ome.tiff
5361,K446_PR002,0,0,K446_PR002.ome.tiff
5362,K446_PR003,0,0,K446_PR003.ome.tiff
5363,K446_PR004,0,0,K446_PR004.ome.tiff
5364,K446_PR005,0,0,K446_PR005.ome.tiff
5365,K446_PR006,0,0,K446_PR006.ome.tiff
14415,K446_PR007,0,0,K446_PR007.ome.tiff
14416,K446_PR008,0,0,K446_PR008.ome.tiff
14417,K446_PR009,0,0,K446_PR009.ome.tiff
14418,K446_PR010,0,0,K446_PR010.ome.tiff
14419,K446_PR011,0,0,K446_PR011.ome.tiff
14420,K446_PR012,0,0,K446_PR012.ome.tiff
5352,K446_PR013,0,0,K446_PR013.ome.tiff
5353,K446_PR014,0,0,K446_PR014.ome.tiff
5354,K446_PR015,0,0,K446_PR015.ome.tiff
5355,K446_PR016,0,0,K446_PR016.ome.tiff
5356,K446_PR017,0,0,K446_PR017.ome.tiff
5357,K446_PR018,0,0,K446_PR018.ome.tiff
6621,K446_PR019,0,0,K446_PR019.ome.tiff
6622,K446_PR021,0,0,K446_PR021.ome.tiff
6623,K446_PR022,0,0,K446_PR022.ome.tiff
6624,K446_PR023,0,0,K446_PR023.ome.tiff
4232,K448_PR001,0,1,K448_PR001.ome.tiff
4233,K448_PR002,0,1,K448_PR002.ome.tiff
4234,K448_PR003,0,1,K448_PR003.ome.tiff
4235,K448_PR004,0,1,K448_PR004.ome.tiff
4236,K448_PR005,0,2,K448_PR005.ome.tiff
4237,K448_PR006,0,0,K448_PR006.ome.tiff
4280,K448_PR007,0,1,K448_PR007.ome.tiff
4281,K448_PR008,0,1,K448_PR008.ome.tiff
4283,K448_PR010,0,0,K448_PR010.ome.tiff
4285,K448_PR012,0,1,K448_PR012.ome.tiff
4227,K448_PR014,0,1,K448_PR014.ome.tiff
4240,K448_PR018,0,1,K448_PR018.ome.tiff
4241,K448_PR019,0,1,K448_PR019.ome.tiff
4242,K448_PR020,0,1,K448_PR020.ome.tiff
4245,K448_PR023,0,0,K448_PR023.ome.tiff
4248,K448_PR024,0,0,K448_PR024.ome.tiff
4251,K448_PR027,0,1,K448_PR027.ome.tiff
4252,K448_PR028,0,1,K448_PR028.ome.tiff
4253,K448_PR029,0,1,K448_PR029.ome.tiff
4257,K448_PR031,0,0,K448_PR031.ome.tiff
4258,K448_PR032,0,1,K448_PR032.ome.tiff
4259,K448_PR033,0,0,K448_PR033.ome.tiff
4260,K448_PR034,0,1,K448_PR034.ome.tiff
4264,K448_PR036,0,0,K448_PR036.ome.tiff
4265,K448_PR037,0,1,K448_PR037.ome.tiff
4266,K448_PR038,0,1,K448_PR038.ome.tiff
4267,K448_PR039,0,1,K448_PR039.ome.tiff
4268,K448_PR040,0,1,K448_PR040.ome.tiff
4269,K448_PR041,0,1,K448_PR041.ome.tiff
4272,K448_PR042,0,1,K448_PR042.ome.tiff
4273,K448_PR043,0,1,K448_PR043.ome.tiff
4274,K448_PR044,0,1,K448_PR044.ome.tiff
4276,K448_PR046,0,0,K448_PR046.ome.tiff
4277,K448_PR047,0,0,K448_PR047.ome.tiff
14650,K448_PR048,0,0,K448_PR048.ome.tiff
14651,K448_PR049,0,1,K448_PR049.ome.tiff
14652,K448_PR050,0,0,K448_PR050.ome.tiff
14653,K448_PR051,0,1,K448_PR051.ome.tiff
14654,K448_PR052,0,1,K448_PR052.ome.tiff
14655,K448_PR053,0,1,K448_PR053.ome.tiff
14658,K448_PR054,0,1,K448_PR054.ome.tiff
14659,K448_PR055,0,1,K448_PR055.ome.tiff
14661,K448_PR057,0,1,K448_PR057.ome.tiff
14662,K448_PR058,0,0,K448_PR058.ome.tiff
14663,K448_PR059,0,1,K448_PR059.ome.tiff
11520,K450_PR001,0,1,K450_PR001.ome.tiff
11521,K450_PR002,0,1,K450_PR002.ome.tiff
11522,K450_PR003,0,1,K450_PR003.ome.tiff
11523,K450_PR004,0,1,K450_PR004.ome.tiff
11526,K450_PR005,0,1,K450_PR005.ome.tiff
11527,K450_PR006,0,1,K450_PR006.ome.tiff
11528,K450_PR007,0,1,K450_PR007.ome.tiff
11529,K450_PR008,0,1,K450_PR008.ome.tiff
11515,K450_PR014,0,1,K450_PR014.ome.tiff
11517,K450_PR016,0,1,K450_PR016.ome.tiff
3935,K463_PR001,0,0,K463_PR001.ome.tiff
3949,K463_PR003,0,0,K463_PR003.ome.tiff
3952,K463_PR004,0,0,K463_PR004.ome.tiff
3955,K463_PR005,0,0,K463_PR005.ome.tiff
3958,K463_PR006,0,0,K463_PR006.ome.tiff
3961,K463_PR007,0,0,K463_PR007.ome.tiff
3964,K463_PR008,0,0,K463_PR008.ome.tiff
3967,K463_PR009,0,0,K463_PR009.ome.tiff
3905,K463_PR011,0,0,K463_PR011.ome.tiff
3920,K463_PR016,0,0,K463_PR016.ome.tiff
3923,K463_PR017,0,0,K463_PR017.ome.tiff
3926,K463_PR018,0,0,K463_PR018.ome.tiff
3929,K463_PR019,0,0,K463_PR019.ome.tiff
3932,K463_PR020,0,0,K463_PR020.ome.tiff
3938,K463_PR021,0,0,K463_PR021.ome.tiff
5291,K520_MR001,1,0,K520_MR001.ome.tiff
5292,K520_MR002,1,0,K520_MR002.ome.tiff
5293,K520_MR003,1,0,K520_MR003.ome.tiff
5294,K520_MR004,1,0,K520_MR004.ome.tiff
5295,K520_MR005,1,0,K520_MR005.ome.tiff
5296,K520_MR006,1,0,K520_MR006.ome.tiff
5299,K520_MR007,1,0,K520_MR007.ome.tiff
5300,K520_MR008,1,0,K520_MR008.ome.tiff
5301,K520_MR009,1,0,K520_MR009.ome.tiff
5302,K520_MR010,1,0,K520_MR010.ome.tiff
5303,K520_MR011,1,0,K520_MR011.ome.tiff
5304,K520_MR012,1,0,K520_MR012.ome.tiff
5288,K520_MR013,1,0,K520_MR013.ome.tiff
5319,K520_PR001,1,0,K520_PR001.ome.tiff
5320,K520_PR002,1,0,K520_PR002.ome.tiff
5321,K520_PR003,1,0,K520_PR003.ome.tiff
5322,K520_PR004,1,0,K520_PR004.ome.tiff
5323,K520_PR005,2,0,K520_PR005.ome.tiff
5324,K520_PR006,1,0,K520_PR006.ome.tiff
5328,K520_PR008,1,0,K520_PR008.ome.tiff
5329,K520_PR009,2,0,K520_PR009.ome.tiff
5330,K520_PR010,1,0,K520_PR010.ome.tiff
5331,K520_PR011,2,0,K520_PR011.ome.tiff
5332,K520_PR012,1,0,K520_PR012.ome.tiff
5311,K520_PR013,2,0,K520_PR013.ome.tiff
5312,K520_PR014,1,0,K520_PR014.ome.tiff
5313,K520_PR015,1,0,K520_PR015.ome.tiff
5314,K520_PR016,1,0,K520_PR016.ome.tiff
5315,K520_PR017,1,0,K520_PR017.ome.tiff
5316,K520_PR018,1,0,K520_PR018.ome.tiff
6579,K523_PR001,0,0,K523_PR001.ome.tiff
6580,K523_PR002,1,0,K523_PR002.ome.tiff
6581,K523_PR003,1,0,K523_PR003.ome.tiff
6582,K523_PR004,1,0,K523_PR004.ome.tiff
6585,K523_PR005,1,0,K523_PR005.ome.tiff
6586,K523_PR006,1,0,K523_PR006.ome.tiff
6587,K523_PR007,1,0,K523_PR007.ome.tiff
6588,K523_PR008,1,0,K523_PR008.ome.tiff
6591,K523_PR009,1,0,K523_PR009.ome.tiff
6592,K523_PR010,1,0,K523_PR010.ome.tiff
6593,K523_PR011,1,0,K523_PR011.ome.tiff
6594,K523_PR012,1,0,K523_PR012.ome.tiff
6573,K523_PR013,1,0,K523_PR013.ome.tiff
6574,K523_PR014,1,0,K523_PR014.ome.tiff
6575,K523_PR015,1,0,K523_PR015.ome.tiff
6576,K523_PR016,1,0,K523_PR016.ome.tiff
